{
  "22967924076": [
    {
      "id": 7928036679,
      "title": "Herman",
      "type": "bot"
    },
    {
      "id": -1002370795564,
      "title": "⚜️ 𝐒𝐭𝐚𝐭𝐢𝐬𝐭𝐢𝐤𝐚 𝐁𝐚𝐜𝐜𝐚𝐫𝐚 ⚜️",
      "type": "channel"
    },
    {
      "id": -4922594370,
      "title": "Test Kouamé",
      "type": "group"
    },
    {
      "id": -1001178062153,
      "title": "СТАТИСТИКА 21 ОЧКО",
      "type": "channel"
    },
    {
      "id": 1190237801,
      "title": "Sossou Kouamé",
      "type": "user"
    },
    {
      "id": -1001461460354,
      "title": "iclone",
      "type": "supergroup"
    },
    {
      "id": -1002682552255,
      "title": "Baccarat Kouamé",
      "type": "channel"
    },
    {
      "id": -1002581908100,
      "title": "Statistiques baccara automatique",
      "type": "channel"
    },
    {
      "id": 7723846517,
      "title": "Aplica",
      "type": "bot"
    },
    {
      "id": 777000,
      "title": "Telegram",
      "type": "user"
    },
    {
      "id": -1001175149388,
      "title": "Developer community - Buy & Sell Verified",
      "type": "supergroup"
    },
    {
      "id": -1001869214286,
      "title": "💳🪙💵💶💰Aujourd'hui c'est ton jour de chance 💰 💵💶💴🪙",
      "type": "channel"
    },
    {
      "id": -1001265458483,
      "title": "Netflix Movies Series",
      "type": "channel"
    },
    {
      "id": -1001273538797,
      "title": "THE SIMS 4 MODS 18+",
      "type": "channel"
    },
    {
      "id": -1001872986654,
      "title": "SORTIES FILMS SERIES ET PROGRAMMES",
      "type": "channel"
    },
    {
      "id": -1002646551216,
      "title": "Statistiques baccara Kouamé",
      "type": "supergroup"
    },
    {
      "id": -1001422928743,
      "title": "3DXChat | Exodus",
      "type": "supergroup"
    },
    {
      "id": -1001493569200,
      "title": "AI HOUSE",
      "type": "channel"
    },
    {
      "id": -1001200761864,
      "title": "Eynsomniacs Studios",
      "type": "channel"
    },
    {
      "id": -1001592034825,
      "title": "Iclone 3D link 🤡",
      "type": "channel"
    },
    {
      "id": -1001701536963,
      "title": "PLANÈTE HACKS📡💻",
      "type": "channel"
    },
    {
      "id": 7943426808,
      "title": "Musica",
      "type": "bot"
    },
    {
      "id": 832473682,
      "title": "BBChannelPromotionBot",
      "type": "bot"
    },
    {
      "id": 7577941207,
      "title": "WINGO GAME SURESHOT",
      "type": "bot"
    },
    {
      "id": -1001647177140,
      "title": "Aximmetry, Unreal Engine - Virtual Production, VFX и XR - русскоязычное сообщество",
      "type": "supergroup"
    },
    {
      "id": 93372553,
      "title": "BotFather",
      "type": "bot"
    },
    {
      "id": 364483768,
      "title": "telefeedbot - web/rss reader",
      "type": "bot"
    },
    {
      "id": 1226145033,
      "title": "Multi Forward",
      "type": "bot"
    },
    {
      "id": 7574959325,
      "title": "JsonDumpBot",
      "type": "bot"
    },
    {
      "id": -1002575036268,
      "title": "𝕵𝖔𝖐𝖊𝖗 𝖇𝖔𝖙 𝖇𝖆𝖈𝖈𝖆𝖗𝖆𝖙 ♦️❤️♣️♠️",
      "type": "channel"
    },
    {
      "id": -1001466086076,
      "title": "LE CERCLE DES STARS 🥇💸",
      "type": "channel"
    },
    {
      "id": 8187862703,
      "title": "Nexus Music",
      "type": "bot"
    },
    {
      "id": -1001417830599,
      "title": "🥏𝗞𝗜𝗡𝗚 𝗣𝗥𝗢𝗡𝗢𝗦🥏",
      "type": "channel"
    },
    {
      "id": -1001152882968,
      "title": "MUVIZUKA™ | MOVIES AND SERIES",
      "type": "channel"
    },
    {
      "id": -1001029791909,
      "title": "ARCHICAD",
      "type": "channel"
    },
    {
      "id": -1001549616791,
      "title": "Mr Bauri",
      "type": "channel"
    },
    {
      "id": -1001732980399,
      "title": "Animschool 3d animation",
      "type": "supergroup"
    },
    {
      "id": 8108980315,
      "title": "JOKER BOT 🤖",
      "type": "bot"
    },
    {
      "id": 6641892078,
      "title": "VisualMaker",
      "type": "bot"
    },
    {
      "id": -1001802812372,
      "title": "Mercredi saison 1 2 et 3",
      "type": "channel"
    },
    {
      "id": -1001675339198,
      "title": "🇫🇷 SEAL TEAM VF SAISON 7 6 5 4 3 2 1 FRENCH INTEGRALE",
      "type": "channel"
    },
    {
      "id": -1001760343985,
      "title": "🇫🇷 🆕 POWER BOOK FORCE SAISON 2 GHOST VF I II III IV Integrale VF French FR VOIR",
      "type": "channel"
    },
    {
      "id": -1001801831262,
      "title": "🇫🇷 SWAT VF SAISON 8 7 6 5 4 3 2 1 FRENCH INTEGRALE FR VOIR FRANÇAIS 🃏",
      "type": "channel"
    },
    {
      "id": -1001879026186,
      "title": "🆕 MERCREDI VF integrale 😇",
      "type": "channel"
    },
    {
      "id": 7715278960,
      "title": "Fada",
      "type": "bot"
    },
    {
      "id": 5622847726,
      "title": "So Ap",
      "type": "user"
    },
    {
      "id": -1001057268325,
      "title": "XVIDIOS",
      "type": "channel"
    },
    {
      "id": 7989231030,
      "title": "Coap",
      "type": "bot"
    },
    {
      "id": -1001556584072,
      "title": "POWER UNIVERSE by LTD",
      "type": "channel"
    },
    {
      "id": 52504489,
      "title": "userinfobot",
      "type": "bot"
    },
    {
      "id": 6112117851,
      "title": "Lydie Ctonou",
      "type": "user"
    },
    {
      "id": -1001572908544,
      "title": "POWER BOOK II🇫🇷: GHOST SAISON 4( VF)",
      "type": "channel"
    },
    {
      "id": -1001926902804,
      "title": "POWERBOOK II S4 VF🇫🇷",
      "type": "channel"
    },
    {
      "id": -1002625591560,
      "title": "Apo",
      "type": "channel"
    },
    {
      "id": -1001337118000,
      "title": "Jack's Works",
      "type": "channel"
    },
    {
      "id": 7572383157,
      "title": "ajjjjjjjdbdvd",
      "type": "user"
    },
    {
      "id": 7882118911,
      "title": "chandier recu",
      "type": "user"
    },
    {
      "id": 8126628499,
      "title": "selm w",
      "type": "user"
    },
    {
      "id": -1002544622142,
      "title": "Baccarat Kouamé",
      "type": "channel"
    },
    {
      "id": 985178797,
      "title": "Contsant",
      "type": "user"
    },
    {
      "id": 8093722607,
      "title": "BALTHAZAR XXL",
      "type": "bot"
    },
    {
      "id": 8069016498,
      "title": "",
      "type": "user"
    },
    {
      "id": -1001931620707,
      "title": "PowerBook🇫🇷 IV FORCE Vf",
      "type": "channel"
    },
    {
      "id": -1001303980932,
      "title": "🇫🇷 NEWS FILMS SERIE VF FRENCH",
      "type": "channel"
    },
    {
      "id": 7815360317,
      "title": "Prédicboti",
      "type": "bot"
    },
    {
      "id": -1001382767173,
      "title": "Xòvivi 😂",
      "type": "channel"
    },
    {
      "id": -1001613576641,
      "title": "Tech N Crack Chat",
      "type": "supergroup"
    },
    {
      "id": -1001355072691,
      "title": "LA CASA DE PAPEL",
      "type": "channel"
    },
    {
      "id": -1001408421882,
      "title": "Adflyer News",
      "type": "channel"
    },
    {
      "id": -1001725907751,
      "title": "Requests/updates group",
      "type": "supergroup"
    },
    {
      "id": -1002013757112,
      "title": "Portfolioinvestmentgroup Company",
      "type": "supergroup"
    },
    {
      "id": -1001725577135,
      "title": "Xòvivi 229😂",
      "type": "channel"
    },
    {
      "id": -1001686213222,
      "title": "CG soft-BOX",
      "type": "channel"
    },
    {
      "id": -1001629399352,
      "title": "🔞SEX HOME 🔞",
      "type": "channel"
    },
    {
      "id": -1001578942886,
      "title": "Repack3D",
      "type": "channel"
    },
    {
      "id": 7274299675,
      "title": "Koto Tamou",
      "type": "user"
    },
    {
      "id": -1001531199492,
      "title": "Tech N Crack",
      "type": "channel"
    },
    {
      "id": -1001367597711,
      "title": "Investissements cashout",
      "type": "channel"
    },
    {
      "id": -1001208422947,
      "title": "[Telegram] - [Mixamo]",
      "type": "channel"
    },
    {
      "id": -1001675136293,
      "title": "POWER VF🇫🇷🔥",
      "type": "channel"
    },
    {
      "id": -1001926861295,
      "title": "PowerBook 2 🇫🇷ghost saison 2",
      "type": "channel"
    },
    {
      "id": 7101760669,
      "title": "Président tale",
      "type": "user"
    },
    {
      "id": 7168794129,
      "title": "reine marie",
      "type": "user"
    },
    {
      "id": 7007381311,
      "title": "ajouter ledd",
      "type": "user"
    },
    {
      "id": 6863060700,
      "title": "Rebéca",
      "type": "user"
    },
    {
      "id": 6992498057,
      "title": "nero w",
      "type": "user"
    },
    {
      "id": 6931216122,
      "title": "Jérémie",
      "type": "user"
    },
    {
      "id": 6337713506,
      "title": "yélian mahouto",
      "type": "user"
    },
    {
      "id": -1001790933262,
      "title": "iClone 6, 7 y 8",
      "type": "channel"
    },
    {
      "id": 6760201017,
      "title": "Mechack facebook",
      "type": "user"
    },
    {
      "id": -1001665121208,
      "title": "El Cid",
      "type": "channel"
    },
    {
      "id": 6911921445,
      "title": "Pino",
      "type": "user"
    },
    {
      "id": 6714314262,
      "title": "Efficace",
      "type": "user"
    },
    {
      "id": 5814232594,
      "title": "Serge Gnanhoui",
      "type": "user"
    },
    {
      "id": 6683659133,
      "title": "cousine va'",
      "type": "user"
    },
    {
      "id": 6604013724,
      "title": "Ormr",
      "type": "user"
    },
    {
      "id": -1001809301204,
      "title": "La Roue du temps (2021)",
      "type": "channel"
    },
    {
      "id": 6530013877,
      "title": "ajouter lexxx",
      "type": "user"
    },
    {
      "id": -1001568044450,
      "title": "Wave Music Label.",
      "type": "channel"
    },
    {
      "id": 2048423525,
      "title": "Alexis Texas",
      "type": "bot"
    }
  ]
}